id,response
0,"To solve the given problems using the order of operations (PEMDAS/BODMAS), we proceed step by step. --- ### **a) $[13 - (11 - 11)] - [8 - (5 - 6)]$** 1. Evaluate the innermost parentheses: $11 - 11 = 0$ and $5 - 6 = -1$. 2. Substitute back into the expression: First bracket: $13 - (0) = 13$; Second bracket: $8 - (-1) = 8 + 1 = 9$. 3. Final calculation: $13 - 9 = 4$. $$\boxed{4}$$ --- ### **b) $4 \cdot 3 - 2 + 2 \cdot 3$** 1. Perform multiplication first: $4 \cdot 3 = 12$ and $2 \cdot 3 = 6$. 2. Substitute back: Expression becomes $12 - 2 + 6$. 3. Perform addition and subtraction from left to right: $12 - 2 = 10$, then $10 + 6 = 16$. $$\boxed{16}$$--- ### Final Answers: $$\boxed{4, 16}"
1,"Okay, let's try to figure out this problem. So the question is: ""Assuming the weights corresponding to the sign values are reduced by 1/10, then the arithmetic mean is ()."" Hmm, I need to think carefully here. First, I should recall what the arithmetic mean is. The arithmetic mean is calculated by summing all the values and dividing by the number of values. But here, it mentions ""weights corresponding to the sign values"". Wait, maybe this is about weighted averages? Because if it's a regular arithmetic mean, there are no weights. But the problem says ""weights corresponding to the sign values"". Hmm, maybe ""sign values"" here refers to positive or negative signs? Or perhaps it's a translation issue? Wait, the problem might be in Chinese or another language, translated into English. Let me parse it again. ""Assuming the weights corresponding to the sign values are reduced by 1/10..."" So ""sign values"" could be the values that have signs (positive or negative), but maybe in this context, ""sign values"" refers to the weights themselves? Hmm, not sure. Alternatively, maybe it's a weighted average problem. Let's suppose that we have a weighted average where each value has a weight. The problem states that the weights are reduced by 1/10. Wait, ""reduced by 1/10"" – does that mean each weight is multiplied by 9/10 (i.e., decreased by 10%)? Or is it that the weights are reduced by 1/10 of their original value? So if a weight was w, it becomes w - (1/10)w = (9/10)w. Assuming that's the case, then the question is: if all weights are multiplied by 9/10, how does the weighted average change? Wait, but the problem says ""the arithmetic mean"". Hmm. Wait, if it's the arithmetic mean, then it's not a weighted average. But the problem mentions weights. Maybe there's confusion here. Wait, perhaps the problem is translated incorrectly. Let's think. If it's a weighted arithmetic mean, then the formula is (sum of (weight_i * value_i)) / (sum of weights). If the weights are each reduced by 1/10, meaning each weight becomes 0.9 times original, then how does the mean change? Let me formalize this. Let’s say we have n values with weights w_1, w_2, ..., w_n. The weighted mean is M = (w_1v_1 + w_2v_2 + ... + w_nv_n) / (w_1 + w_2 + ... + w_n). If each weight is reduced by 1/10, so new weights are w_i' = w_i - (1/10)w_i = (9/10)w_i. Then the new weighted mean M' = [ (9/10 w_1 v_1 + ... + 9/10 w_n v_n ) ] / [ (9/10 w_1 + ... + 9/10 w_n ) ] Factor out 9/10 in numerator and denominator: M' = [ (9/10)(w_1v_1 + ... + w_nv_n) ] / [ (9/10)(w_1 + ... + w_n) ) ] = [ (9/10) * sum(w_i v_i) ] / [ (9/10) * sum(w_i) ) ] = sum(w_i v_i)/sum(w_i) = M. Wait, so the weighted mean remains the same? But that's surprising. Wait, so if you scale all weights by the same factor, the weighted mean doesn't change. Because both numerator and denominator are scaled by the same factor. But the problem says ""the weights corresponding to the sign values are reduced by 1/10"". Hmm, but according to this calculation, the weighted mean would stay the same. But the problem says ""arithmetic mean"", not ""weighted arithmetic mean"". Wait, this is a key point. If it's the regular arithmetic mean (unweighted), then the weights aren't involved. But the problem mentions weights. So maybe the problem is using ""arithmetic mean"" incorrectly here, and they mean weighted arithmetic mean. Assuming that, then according to the calculation above, scaling all weights by the same factor (here, 9/10) doesn't change the weighted mean. So the answer would be A. Unchanged. But wait, the problem says ""reduced by 1/10"". So if the weights are reduced by 1/10, meaning each weight is decreased by 1/10 of its original value. So if original weight is w, new weight is w - (1/10)w = 0.9w. So scaling by 0.9. Then as per the calculation, the weighted mean remains the same. But the problem says ""the arithmetic mean"". If it's a regular arithmetic mean (unweighted), then weights don't come into play. So maybe the problem is misstated. Alternatively, maybe ""sign values"" refers to something else. Like in statistics, sometimes ""sign"" refers to the sign of the data (positive or negative), but that seems odd. Wait, another angle: Maybe the problem is about the mean of some data where each data point has a ""sign"" (like positive or negative), and the weights are associated with those signs. But I'm not sure. Wait, the problem says ""the weights corresponding to the sign values"". So each sign value has a weight. Hmm. Maybe ""sign values"" here are the data points themselves (with signs), and the weights are something else. But regardless, if we assume it's a weighted average where all weights are scaled by 0.9, then the weighted average remains the same. So the answer would be A. But the options include ""A. Unchanged"". So if that's the case, then answer A. But wait, but another angle: If ""reduced by 1/10"" means that the weights are decreased by 1/10 of the total weight? Hmm, that would be different. But the wording says ""the weights corresponding to the sign values are reduced by 1/10"". So each weight is reduced by 1/10 of itself. Alternatively, if ""reduced by 1/10"" means that the weights are multiplied by (1 - 1/10) = 0.9. In that case, as shown in the example, the weighted mean remains the same. So answer A. But wait, the problem says ""the arithmetic mean"". If it's a regular arithmetic mean (unweighted), then changing weights doesn't affect it. So regardless, answer A. Hmm. So in either interpretation (weighted or unweighted), the answer would be A. Unchanged. Wait, but in the unweighted case, the weights don't matter. So if the problem is misstated, then the mean is unchanged. So answer A. Therefore, the answer is A, so \boxed{A}"
2,"Okay, let's tackle this problem step by step. First, I need to figure out what the hypothesis test is here. The problem says we want to test if more than half of all participants will select Diet Pepsi, so the null hypothesis is probably that the proportion p is less than or equal to 0.5, and the alternative is that p is greater than 0.5. Let me confirm that. The anouncer says ""more than one half,"" so the claim is p > 0.5. The null hypothesis for a one-tailed test would be H₀: p ≤ 0.5, and the alternative is H₁: p > 0.5. That makes sense because we're testing if the proportion is greater than 0.5. First, part (a) asks for the test statistic. To find the test statistic for a proportion, we use the z-test for proportions. The formula is: z = (p̂ - p₀) / sqrt(p₀(1 - p₀)/n) Where p̂ is the sample proportion, p₀ is the hypothesized proportion under the null hypothesis, and n is the sample size. Given that out of 120 drinkers, 52 preferred Diet Pepsi, so p̂ = 52/120. Let me calculate that: 52 divided by 120 is approximately 0.4333. Wait, hold on, 52/120 is 0.4333? Wait, no, 52 divided by 120: 120 goes into 52 0.433... times. Wait, but the anouncer says ""more than one half,"" so if 52 out of 120 preferred Diet Pepsi, that's less than half (since half of 120 is 60). Wait, that seems odd. Wait, maybe I misread the problem. Wait, let me check again. The problem says: ""out of those 120, 52 preferred Diet Pepsi."" So 52 preferred Diet Pepsi, which is 52/120 ≈ 0.433, which is less than 0.5. But the anouncer claims ""more than one half."" Hmm, but the problem is to test the hypothesis that more than half will select Diet Pepsi. Wait, but in the sample, it's 52, which is less than 60. So maybe the problem is designed this way to see if we get the right test statistic. Wait, maybe I made a mistake here. Let's confirm: 120 participants, 52 preferred Diet Pepsi. So sample proportion p̂ = 52/120 ≈ 0.4333. The null hypothesis is p ≤ 0.5, alternative is p > 0.5. So the test statistic z is (p̂ - p₀) / sqrt(p₀(1 - p₀)/n). Here, p₀ is 0.5 (since the null hypothesis is p ≤ 0.5, we use p₀ = 0.5 for the test statistic calculation). So plugging in the numbers: p̂ = 52/120 = 13/30 ≈ 0.4333. p₀ = 0.5. n = 120. So numerator: 0.4333 - 0.5 = -0.0667. Denominator: sqrt(0.5 * 0.5 / 120) = sqrt(0.25 / 120) = sqrt(1/480) ≈ sqrt(0.002083) ≈ 0.0456. So z ≈ -0.0667 / 0.0456 ≈ -1.46. Wait, that's a negative z-score. But the alternative hypothesis is p > 0.5, so we're looking for a right-tailed test. If the sample proportion is less than 0.5, the test statistic would be negative, which would not be in the rejection region. But let's do the calculation more precisely. First, p̂ = 52/120 = 13/30 ≈ 0.433333... p₀ = 0.5. n = 120. Standard error (SE) = sqrt(p₀(1 - p₀)/n) = sqrt(0.5 * 0.5 / 120) = sqrt(0.25 / 120) = sqrt(1/480) ≈ 0.0456435. Numerator: p̂ - p₀ = 52/120 - 0.5 = (52 - 60)/120 = (-8)/120 = -1/15 ≈ -0.0666667. So z = (-1/15) / (sqrt(0.25/120)) = (-1/15) / (0.5 / sqrt(120)) = (-1/15) * (2 sqrt(120)/1) = (-2 sqrt(120))/15. Wait, maybe better to compute numerically: sqrt(0.25/120) = sqrt(0.002083333) ≈ 0.0456435. So z = (-0.0666667) / 0.0456435 ≈ -1.46. So the test statistic is approximately -1.46. Part (b) asks for the critical z score. Since this is a one-tailed test with α = 0.05 (right-tailed, because we're testing if p > 0.5), the critical z score is the value such that the area to the right of it is 0.05. For a right-tailed test, the critical z is z₀.₀₅ = 1.645 (since standard normal table: 1.645 has 0.95 cumulative probability, so 0.05 in the tail). Wait, but the test is for p > 0.5, so the rejection region is z > 1.645. But our test statistic is -1.46, which is less than 1.645, so we don't reject the null. The final conclusion is option A: There is not sufficient evidence to reject the null hypothesis that p ≤ 0.5. Let me verify again. The problem says ""Test the hypothesis, using α=0.05 that more than half of all participants will select Diet Pepsi"". So the hypothesis being tested is that p > 0.5, so the null is p ≤ 0.5, alternative p > 0.5. Sample proportion is 52/120 ≈ 0.433, which is less than 0.5, so the sample is not supporting the claim. The test statistic is negative, so it's in the left tail, not the right tail where we'd reject. The critical z for α=0.05 right-tailed is 1.645, so since our z is -1.46, which is less than 1.645, we don't reject the null. So part (a) test statistic is approximately -1.46. Let's see if we need to be more precise. Let's calculate it exactly. p̂ = 52/120 = 13/30 ≈ 0.433333. p₀ = 0.5. n = 120. z = (0.433333 - 0.5) / sqrt(0.5*0.5/120) = (-0.0666667) / sqrt(0.25/120) = (-0.0666667) / (0.5 / sqrt(120)) = (-0.0666667 * 2 * sqrt(120)) / 1. sqrt(120) ≈ 10.95445. So 2 * 10.95445 ≈ 21.9089. -0.0666667 * 21.9089 ≈ -1.46. Yes, so approximately -1.46. Critical z score for α=0.05 right-tailed is 1.645. The conclusion is A: There is not sufficient evidence to reject the null hypothesis that p ≤ 0.5. So the answers are (a) -1.46, (b) 1.645, and (A). Final Answer: \boxed{-1.46, 1.645, A}"
3,"\boxed{B}"
4,"\boxed{-\dfrac{7}"
5,"\boxed{10.00}"
6,"\boxed{142.32}"
7,"\boxed{15}"
8,"\boxed{378}"
9,"\boxed{y = \frac{L - 8x}"
10,"\boxed{A}"
11,"\boxed{0.51}"
12,"\boxed{2c + 4p = 70}"
13,"\boxed{B}"
14,"\boxed{3}"
15,"\boxed{8}"
16,"\boxed{500}"
17,"\boxed{C}"
18,"\boxed{I}"
19,"\boxed{D}"
20,"\boxed{210.5}"
21,"\boxed{L(t) = 0.35t + 57.5}"
22,"\boxed{D}"
23,"\boxed{A}"
24,"\boxed{0}"
25,"\boxed{0.16, 0.12, 0.22, 0.34, 0.26,}"
26,"\boxed{J}"
27,"\boxed{1/3, 5/3}"
28,"\boxed{1120 \times \frac{1}"
29,"\boxed{34.3}"
30,"\boxed{1065}"
31,"\boxed{-3 }"
32,"\boxed{7}"
33,"\boxed{D}"
34,"\boxed{A}"
35,"\boxed{left, \frac{1}"
36,"\boxed{40x^{10}"
37,"\boxed{Chucky}"
38,"\boxed{A}"
39,"\boxed{475}"
40,"\boxed{D = 800 - ื่d}"
41,"\boxed{2025}"
42,"\boxed{No}"
43,"\boxed{35, 7, 14}"
44,"\boxed{True, True, True, True}"
45,"\boxed{F}"
46,"\boxed{1.645}"
47,"\boxed{F}"
48,"\boxed{A, C}"
49,"\boxed{0.0228}"
50,"\boxed{140A + 150B = 5930, 3A + 4B = 142}"
51,"\boxed{17720_8}"
52,"\boxed{231}"
53,"\boxed{F}"
54,"\boxed{2}"
55,"\boxed{y = ื่ 405 \cdot \left( \frac{x}"
56,"\boxed{D}"
57,"\boxed{3}"
58,"\boxed{0}"
59,"\boxed{49}"
60,"\boxed{C}"
61,"\boxed{0.76c \text{ if }"
62,"\boxed{15, 192, 0}"
63,"\boxed{16.2, 19.8}"
64,"\boxed{500 + 700 \cos\left(\frac{\pi}"
65,"\boxed{-\dfrac{6}"
66,"\boxed{1200}"
67,"\boxed{N = 7.6 \times (1.09)^t}"
68,"\boxed{1.2857}"
69,"\boxed{C}"
70,"\boxed{5/56}"
71,"\boxed{1.2, 18}"
72,"\boxed{0.55}"
73,"\boxed{E}"
74,"\boxed{(-0.5, 1.5)}"
75,"\boxed{1100 + 0.11x < 1450 + 0.15(x - 8000}"
76,"\boxed{11}"
77,"\boxed{D}"
78,"\boxed{B}"
79,"\boxed{25/7}"
80,"\boxed{F}"
81,"\boxed{76}"
82,"\boxed{1.23}"
83,"\boxed{100}"
84,"\boxed{4-8=-4}"
85,"\boxed{H}"
86,"\boxed{15}"
87,"\boxed{OBSERVATION}"
88,"\boxed{C}"
89,"\boxed{30}"
90,"\boxed{8 + 7(n - 1)}"
91,"\boxed{A}"
92,"\boxed{C}"
93,"\boxed{1}"
94,"\boxed{D}"
95,"\boxed{7}"
96,"\boxed{52}"
97,"\boxed{0}"
98,"\boxed{E}"
99,"\boxed{6}"
100,"\boxed{135}"
101,"\boxed{C, C, A, B}"
102,"\boxed{C}"
103,"\boxed{16 \times \sin(45^\circ)}"
104,"\boxed{7.7 \times \frac{31\pi}"
105,"\boxed{24}"
106,"\boxed{2.5}"
107,"\boxed{D}"
108,"\boxed{72}"
109,"\boxed{A}"
110,"\boxed{A}"
111,"\boxed{32x^{3}"
112,"\boxed{100}"
113,"\boxed{\frac{20 - x^2}"
114,"\boxed{J}"
115,"\boxed{y = 12.5x + 13408 - 12.5*1328}"
116,"\boxed{24, 12}"
117,"\boxed{B}"
118,"\boxed{3.6}"
119,"\boxed{C, A, D, B}"
120,"\boxed{100}"
121,"\boxed{35}"
122,"\boxed{1174.8}"
123,"\boxed{C}"
124,"\boxed{H}"
125,"\boxed{12}"
126,"\boxed{137939.09...}"
127,"\boxed{5}"
128,"\boxed{1}"
129,"\boxed{5}"
130,"\boxed{r^{42}"
131,"\boxed{0.0001}"
132,"\boxed{32}"
133,"\boxed{-\frac{\sqrt{3}"
134,"\boxed{28.5}"
135,"\boxed{3/5}"
136,"\boxed{A}"
137,"\boxed{2/13}"
138,"\boxed{0.1641 \times (210)^2}"
139,"\boxed{201, \frac{1}"
140,"\boxed{49 \times (45 + 11)}"
141,"\boxed{G}"
142,"\boxed{7,8,9,10,11}"
143,"\boxed{0, -8}"
144,"\boxed{B}"
145,"\boxed{M(x) = \frac{x}"
146,"\boxed{E}"
147,"\boxed{J}"
148,"\boxed{I}"
149,"\boxed{123.45}"
150,"\boxed{C}"
151,"\boxed{6}"
152,"\boxed{A}"
153,"\boxed{C}"
154,"\boxed{12.75}"
155,"\boxed{14.00}"
156,"\boxed{B}"
157,"\boxed{7\cos(0.1t) - 5\sin(0.1t) + 7}"
158,"\boxed{A}"
159,"\boxed{0.07}"
160,"\boxed{1, \text{multiplicative identity}"
161,"\boxed{a_{2025}"
162,"\boxed{C}"
163,"\boxed{1, -9, 0}"
164,"\boxed{J}"
165,"\boxed{B}"
166,"\boxed{175 \left( \frac{ื่}"
167,"\boxed{B, A, B, A}"
168,"\boxed{A}"
169,"\boxed{375}"
170,"\boxed{B}"
171,"\boxed{20}"
172,"\boxed{22/61}"
173,"\boxed{F}"
174,"\boxed{7}"
175,"\boxed{A}"
176,"\boxed{w = \frac{ื่}"
177,"\boxed{C}"
178,"\boxed{C}"
179,"\boxed{29, 3}"
180,"\boxed{-\frac{7}"
181,"\boxed{A}"
182,"\boxed{E}"
183,"\boxed{B}"
184,"\boxed{J}"
185,"\boxed{True, True, True, True, False}"
186,"\boxed{D}"
187,"\boxed{0.002}"
188,"\boxed{60.50}"
189,"\boxed{850a + 1200r = 35000}"
190,"\boxed{-\dfrac{21}"
191,"\boxed{D, A, C, B, E}"
192,"\boxed{C}"
193,"\boxed{B}"
194,"\boxed{600}"
195,"\boxed{(-0.1, 2.9)}"
196,"\boxed{14.5854}"
197,"\boxed{1.5}"
198,"\boxed{3}"
199,"\boxed{100}"
200,"\boxed{J}"
201,"\boxed{1(5t + 8)^2}"
202,"\boxed{108/70}"
203,"\boxed{A}"
204,"\boxed{E}"
205,"\boxed{3/4}"
206,"\boxed{11 - 7}"
207,"\boxed{12}"
208,"\boxed{16.2}"
209,"\boxed{C}"
210,"\boxed{\frac{7}"
211,"\boxed{G}"
212,"\boxed{J}"
213,"\boxed{43/72 - ื่3/8}"
214,"\boxed{11}"
215,"\boxed{122}"
216,"\boxed{60}"
217,"\boxed{D}"
218,"\boxed{\arcsin\left( \frac{7}"
219,"\boxed{18}"
220,"\boxed{A}"
221,"\boxed{2750}"
222,"\boxed{J}"
223,"\boxed{C}"
224,"\boxed{193 + 25*98}"
225,"\boxed{1.57, 5, 2.01, A}"
226,"\boxed{2}"
227,"\boxed{A}"
228,"\boxed{v^7}"
229,"\boxed{2}"
230,"\boxed{\log_{1.6}"
231,"\boxed{y = 1.5 + 0.5x}"
232,"\boxed{3}"
233,"\boxed{1.96, -1.96, 1.96, A}"
234,"\boxed{29x^7 + 6x^ื่}"
235,"\boxed{J}"
236,"\boxed{6e}"
237,"\boxed{50\%}"
238,"\boxed{1, 1, 1}"
239,"\boxed{35}"
240,"\boxed{16}"
241,"\boxed{B}"
242,"\boxed{238.5}"
243,"\boxed{0.8925}"
244,"\boxed{F}"
245,"\boxed{980}"
246,"\boxed{25, 23, 17, 23, 23}"
247,"\boxed{A}"
248,"\boxed{180}"
249,"\boxed{B}"
250,"\boxed{0}"
251,"\boxed{176.8}"
252,"\boxed{C}"
253,"\boxed{C}"
254,"\boxed{D}"
255,"\boxed{A}"
256,"\boxed{30, -30}"
257,"\boxed{2.76 \pm 1.96 \times \frac{0.51}"
258,"\boxed{F}"
259,"\boxed{C}"
260,"\boxed{-22 }"
261,"\boxed{3}"
262,"\boxed{850 - 50t}"
263,"\boxed{J}"
264,"\boxed{4\pi (8t)^2}"
265,"\boxed{A}"
266,"\boxed{C}"
267,"\boxed{H}"
268,"\boxed{4950}"
269,"\boxed{1.789}"
270,"\boxed{12}"
271,"\boxed{0, -2, 2}"
272,"\boxed{B}"
273,"\boxed{0}"
274,"\boxed{C}"
275,"\boxed{2026}"
276,"\boxed{3.5}"
277,"\boxed{38721.05}"
278,"\boxed{38}"
279,"\boxed{J}"
280,"\boxed{B}"
281,"\boxed{-.4618}"
282,"\boxed{e^2}"
283,"\boxed{113}"
284,"\boxed{B}"
285,"\boxed{0}"
286,"\boxed{C}"
287,"\boxed{664}"
288,"\boxed{128 \cdot (0.9)^{n-1}"
289,"\boxed{4, 10}"
290,"\boxed{C}"
291,"\boxed{1920}"
292,"\boxed{-\sqrt{3}"
293,"\boxed{P(t) = -4300 + 150t}"
294,"\boxed{6}"
295,"\boxed{C}"
296,"\boxed{15}"
297,"\boxed{A. 1.02, B. (1.02, \infty), C. 0.15, D.}"
298,"\boxed{A}"
299,"\boxed{18805.7}"
300,"\boxed{6487.5}"
301,"\boxed{0.972}"
302,"\boxed{B}"
303,"\boxed{C}"
304,"\boxed{I}"
305,"\boxed{B}"
306,"\boxed{G}"
307,"\boxed{3 - \frac{5}"
308,"\boxed{12}"
309,"\boxed{82939}"
310,"\boxed{6 + 4k}"
311,"\boxed{10^{(8.3 - 5.1)}"
312,"\boxed{3}"
313,"\boxed{-\sqrt{1 - (13/15)^2}"
314,"\boxed{7, -8, -4}"
315,"\boxed{B}"
316,"\boxed{I}"
317,"\boxed{H}"
318,"\boxed{13}"
319,"\boxed{False, True, True, False}"
320,"\boxed{1}"
321,"\boxed{H}"
322,"\boxed{50, 25, 625}"
323,"\boxed{[10, 12)}"
324,"\boxed{D}"
325,"\boxed{[0, 55]}"
326,"\boxed{0.67}"
327,"\boxed{152}"
328,"\boxed{A: iii, B: i, C: iv, D: ii}"
329,"\boxed{B}"
330,"\boxed{100}"
331,"\boxed{H}"
332,"\boxed{386}"
333,"\boxed{54, 62}"
334,"\boxed{H}"
335,"\boxed{A}"
336,"\boxed{A}"
337,"\boxed{B}"
338,"\boxed{y\text{-axis symmetry}"
339,"\boxed{C}"
340,"\boxed{E}"
341,"\boxed{25, 5}"
342,"\boxed{negative}"
343,"\boxed{1 \to D, 2 \to A, 3 \to C, 4 \to B, 5 \to E}"
344,"\boxed{-5 }"
345,"\boxed{-\frac{5}"
346,"\boxed{0.7}"
347,"\boxed{I}"
348,"\boxed{D}"
349,"\boxed{-\frac{1}"
350,"\boxed{11100}"
351,"\boxed{D}"
352,"\boxed{68}"
353,"\boxed{8}"
354,"\boxed{gram, kilogram, tonne, solar mass, kilogram}"
355,"\boxed{J}"
356,"\boxed{C}"
357,"\boxed{16}"
358,"\boxed{402}"
359,"\boxed{D}"
360,"\boxed{C}"
361,"\boxed{180 - 7x}"
362,"\boxed{6x - 5y}"
363,"\boxed{10000 \cdot (0.89)^t}"
364,"\boxed{Y, Y, Y, N}"
365,"\boxed{C}"
366,"\boxed{F}"
367,"\boxed{1.0, 1.2, 0.9}"
368,"\boxed{C}"
369,"\boxed{1, 5, 2}"
370,"\boxed{y = -5}"
371,"\boxed{0.7}"
372,"\boxed{1.96 \times \frac{20.58}"
373,"\boxed{50.23 < \mu < 55.87}"
374,"\boxed{3100}"
375,"\boxed{3.72}"
376,"\boxed{1 + 2 + 3 + \ldots + 50}"
377,"\boxed{B}"
378,"\boxed{0.0000}"
379,"\boxed{220}"
380,"\boxed{0.075, 0ื่, 32000, 16710, 16710}"
381,"\boxed{2040}"
382,"\boxed{1.7w}"
383,"\boxed{120}"
384,"\boxed{\frac{ \ln\left( \frac{22}"
385,"\boxed{A}"
386,"\boxed{3}"
387,"\boxed{480}"
388,"\boxed{3.1, 4.1, 5.1, 7.1, 0\%}"
389,"\boxed{I}"
390,"\boxed{3/25}"
391,"\boxed{E}"
392,"\boxed{71}"
393,"\boxed{\arccos\left( \frac{x - 6}"
394,"\boxed{B}"
395,"\boxed{28.333...}"
396,"\boxed{(-\infty, 5)}"
397,"\boxed{4\pi \cdot 64, \frac{4}"
398,"\boxed{C}"
399,"\boxed{B}"
400,"\boxed{X}"
401,"\boxed{450^\circ}"
402,"\boxed{J}"
403,"\boxed{J}"
404,"\boxed{40\%}"
405,"\boxed{D}"
406,"\boxed{0}"
407,"\boxed{J}"
408,"\boxed{5816/9999}"
409,"\boxed{(-0.5, 1.5)}"
410,"\boxed{45}"
411,"\boxed{8 \times \frac{196\pi}"
412,"\boxed{...}"
413,"\boxed{D}"
414,"\boxed{F}"
415,"\boxed{\sqrt{\frac{A}"
416,"\boxed{385/336}"
417,"\boxed{18, 18.1, 18.1, 18.1, 28.1, 28}"
418,"\boxed{2.12}"
419,"\boxed{2n-1}"
420,"\boxed{D}"
421,"\boxed{-\dfrac{\sqrt{80}"
422,"\boxed{N^3}"
423,"\boxed{0}"
424,"\boxed{parameter}"
425,"\boxed{7}"
426,"\boxed{11}"
427,"\boxed{I}"
428,"\boxed{43/55}"
429,"\boxed{7.05}"
430,"\boxed{D}"
431,"\boxed{11, 42}"
432,"\boxed{0.5, 2.618, 3.629, 5.712}"
433,"\boxed{C}"
434,"\boxed{A}"
435,"\boxed{0.485 < p < 0.515}"
436,"\boxed{20}"
437,"\boxed{75.0, 81.0}"
438 Gang,"\boxed{5, 9}"
439,"\boxed{(-4)/13}"
440,"\boxed{G}"
441,"\boxed{280}"
442,"\boxed{D}"
443,"\boxed{J}"
444,"\boxed{113, 15}"
445,"\boxed{A}"
446 Gang,"\boxed{1.58, 0.95}"
447,"\boxed{(-\infty, 4]}"
448,"\boxed{\frac{x^2 - 6}"
449,"\boxed{1.02}"
450,"\boxed{B}"
451,"\boxed{0.1287, 0.1935, 0ื่, 0.1790, 0.}"
452,"\boxed{42}"
453,"\boxed{1013}"
454,"\boxed{2.0}"
455,"\boxed{C}"
456,"\boxed{1.98}"
457,"\boxed{B}"
458,"\boxed{1}"
459,"\boxed{sin^2(A), \frac{cos(A)}"
460,"\boxed{F}"
461,"\boxed{2}"
462,"\boxed{(-\infty, 4]}"
463,"\boxed{I}"
464,"\boxed{Z}"
465,"\boxed{G}"
466,"\boxed{26.9}"
467,"\boxed{C = 0.02w + 0.7}"
468,"\boxed{0.752 \leq p \leq 0.847}"
469,"\boxed{0.1575}"
470,"\boxed{1.96, 2.201}"
471,"\boxed{B}"
472,"\boxed{D}"
473,"\boxed{[-5, -2]}"
474,"\boxed{H}"
475,"\boxed{0}"
476,"\boxed{B}"
477,"\boxed{A}"
478,"\boxed{(-3/10)}"
479,"\boxed{[34.0, 50.0], [32.5, 51.5]}"
480,"\boxed{2.5}"
481,"\boxed{C}"
482,"\boxed{H}"
483,"\boxed{C}"
484,"\boxed{B}"
485,"\boxed{90}"
486,"\boxed{E}"
487,"\boxed{0.000}"
488,"\boxed{2^{2024}"
489,"\boxed{295}"
490,"\boxed{23}"
491,"\boxed{1255.366...}"
492,"\boxed{A}"
493,"\boxed{1.82, B}"
494,"\boxed{7}"
495,"\boxed{100}"
496,"\boxed{135}"
497,"\boxed{1.1106}"
498,"\boxed{5}"
499,"\boxed{36.9}"
500,"\boxed{E}"
501,"\boxed{sum of \( f(S) \) over all subsets \( S \subseteq S_{10}"
502,"\boxed{\frac{8}"
503,"\boxed{y = -172000x + 704000}"
504,"\boxed{(-\frac{3}"
505,"\boxed{100}"
506,"\boxed{B}"
507,"\boxed{C}"
508,"\boxed{0}"
509,"\boxed{B}"
510,"\boxed{2}"
511,"\boxed{I}"
512,"\boxed{64p^2 + 64p + 16}"
513,"\boxed{1.415, -1.415, 1.415}"
514,"\boxed{I}"
515,"\boxed{-8, 1, 12, 19 }"
516,"\boxed{7,-11,4}"
517,"\boxed{A}"
518,"\boxed{C}"
519,"\boxed{100}"
520,"\boxed{44}"
521,"\boxed{B}"
522,"\boxed{0.250, -0.250}"
523,"\boxed{...}"
524,"\boxed{G}"
525,"\boxed{I}"
526,"\boxed{y = 8(4x^2)^2 + 4(4x^2) + 4}"
527,"\boxed{4584.705882352941}"
528,"\boxed{15,000,00ื}"
529,"\boxed{39.5}"
530,"\boxed{8/9}"
531,"\boxed{C, D, F, H}"
532,"\boxed{D}"
533,"\boxed{0.1587}"
534,"\boxed{J}"
535,"\boxed{0}"
536,"\boxed{C}"
537,"\boxed{30}"
538,"\boxed{F}"
539,"\boxed{4,5}"
540,"\boxed{}"
541,"\boxed{}"
542,"\boxed{}"
543,"\boxed{}"
544,"\boxed{}"
545,"\boxed{}"
546,"\boxed{}"
547,"\boxed{}"
548,"\boxed{}"
549,"\boxed{}"
550,"\boxed{}"
551,"\boxed{}"
552,"\boxed{}"
553,"\boxed{}"
554,"\boxed{}"
555,"\boxed{}"
556,"\boxed{}"
557,"\boxed{}"
558,"\boxed{}"
559,"\boxed{}"
560,"\boxed{}"
561,"\boxed{}"
562,"\boxed{}"
563,"\boxed{}"
564,"\boxed{}"
565,"\boxed{}"
566,"\boxed{}"
567,"\boxed{}"
568,"\boxed{}"
569,"\boxed{}"
570,"\boxed{}"
571,"\boxed{}"
572,"\boxed{}"
573,"\boxed{}"
574,"\boxed{}"
575,"\boxed{}"
576,"\boxed{}"
577,"\boxed{}"
578,"\boxed{}"
579,"\boxed{}"
580,"\boxed{}"
581,"\boxed{}"
582,"\boxed{}"
583,"\boxed{}"
584,"\boxed{}"
585,"\boxed{}"
586,"\boxed{}"
587,"\boxed{}"
588,"\boxed{}"
589,"\boxed{}"
590,"\boxed{}"
591,"\boxed{}"
592,"\boxed{}"
593,"\boxed{}"
594,"\boxed{}"
595,"\boxed{}"
596,"\boxed{}"
597,"\boxed{}"
598,"\boxed{}"
599,"\boxed{}"
600,"\boxed{}"
601,"\boxed{}"
602,"\boxed{}"
603,"\boxed{}"
604,"\boxed{}"
605,"\boxed{}"
606,"\boxed{}"
607,"\boxed{}"
608,"\boxed{}"
609,"\boxed{}"
610,"\boxed{}"
611,"\boxed{}"
612,"\boxed{}"
613,"\boxed{}"
614,"\boxed{}"
615,"\boxed{}"
616,"\boxed{}"
617,"\boxed{}"
618,"\boxed{}"
619,"\boxed{}"
620,"\boxed{}"
621,"\boxed{}"
622,"\boxed{}"
623,"\boxed{}"
624,"\boxed{}"
625,"\boxed{}"
626,"\boxed{}"
627,"\boxed{}"
628,"\boxed{}"
629,"\boxed{}"
630,"\boxed{}"
631,"\boxed{}"
632,"\boxed{}"
633,"\boxed{}"
634,"\boxed{}"
635,"\boxed{}"
636,"\boxed{}"
637,"\boxed{}"
638,"\boxed{}"
639,"\boxed{}"
640,"\boxed{}"
641,"\boxed{}"
642,"\boxed{}"
643,"\boxed{}"
644,"\boxed{}"
645,"\boxed{}"
646,"\boxed{}"
647,"\boxed{}"
648,"\boxed{}"
649,"\boxed{}"
650,"\boxed{}"
651,"\boxed{}"
652,"\boxed{}"
653,"\boxed{}"
654,"\boxed{}"
655,"\boxed{}"
656,"\boxed{}"
657,"\boxed{}"
658,"\boxed{}"
659,"\boxed{}"
660,"\boxed{}"
661,"\boxed{}"
662,"\boxed{}"
663,"\boxed{}"
664,"\boxed{}"
665,"\boxed{}"
666,"\boxed{}"
667,"\boxed{}"
668,"\boxed{}"
669,"\boxed{}"
670,"\boxed{}"
671,"\boxed{}"
672,"\boxed{}"
673,"\boxed{}"
674,"\boxed{}"
675,"\boxed{}"
676,"\boxed{}"
677,"\boxed{}"
678,"\boxed{}"
679,"\boxed{}"
680,"\boxed{}"
681,"\boxed{}"
682,"\boxed{}"
683,"\boxed{}"
684,"\boxed{}"
685,"\boxed{}"
686,"\boxed{}"
687,"\boxed{}"
688,"\boxed{}"
689,"\boxed{}"
690,"\boxed{}"
691,"\boxed{}"
692,"\boxed{}"
693,"\boxed{}"
694,"\boxed{}"
695,"\boxed{}"
696,"\boxed{}"
697,"\boxed{}"
698,"\boxed{}"
699,"\boxed{}"
700,"\boxed{}"
701,"\boxed{}"
702,"\boxed{}"
703,"\boxed{}"
704,"\boxed{}"
705,"\boxed{}"
706,"\boxed{}"
707,"\boxed{}"
708,"\boxed{}"
709,"\boxed{}"
710,"\boxed{}"
711,"\boxed{}"
712,"\boxed{}"
713,"\boxed{}"
714,"\boxed{}"
715,"\boxed{}"
716,"\boxed{}"
717,"\boxed{}"
718,"\boxed{}"
719,"\boxed{}"
720,"\boxed{}"
721,"\boxed{}"
722,"\boxed{}"
723,"\boxed{}"
724,"\boxed{}"
725,"\boxed{}"
726,"\boxed{}"
727,"\boxed{}"
728,"\boxed{}"
729,"\boxed{}"
730,"\boxed{}"
731,"\boxed{}"
732,"\boxed{}"
733,"\boxed{}"
734,"\boxed{}"
735,"\boxed{}"
736,"\boxed{}"
737,"\boxed{}"
738,"\boxed{}"
739,"\boxed{}"
740,"\boxed{}"
741,"\boxed{}"
742,"\boxed{}"
743,"\boxed{}"
744,"\boxed{}"
745,"\boxed{}"
746,"\boxed{}"
747,"\boxed{}"
748,"\boxed{}"
749,"\boxed{}"
750,"\boxed{}"
751,"\boxed{}"
752,"\boxed{}"
753,"\boxed{}"
754,"\boxed{}"
755,"\boxed{}"
756,"\boxed{}"
757,"\boxed{}"
758,"\boxed{}"
759,"\boxed{}"
760,"\boxed{}"
761,"\boxed{}"
762,"\boxed{}"
763,"\boxed{}"
764,"\boxed{}"
765,"\boxed{}"
766,"\boxed{}"
767,"\boxed{}"
768,"\boxed{}"
769,"\boxed{}"
770,"\boxed{}"
771,"\boxed{}"
772,"\boxed{}"
773,"\boxed{}"
774,"\boxed{}"
775,"\boxed{}"
776,"\boxed{}"
777,"\boxed{}"
778,"\boxed{}"
779,"\boxed{}"
780,"\boxed{}"
781,"\boxed{}"
782,"\boxed{}"
783,"\boxed{}"
784,"\boxed{}"
785,"\boxed{}"
786,"\boxed{}"
787,"\boxed{}"
788,"\boxed{}"
789,"\boxed{}"
790,"\boxed{}"
791,"\boxed{}"
792,"\boxed{}"
793,"\boxed{}"
794,"\boxed{}"
795,"\boxed{}"
796,"\boxed{}"
797,"\boxed{}"
798,"\boxed{}"
799,"\boxed{}"
800,"\boxed{}"
801,"\boxed{}"
802,"\boxed{}"
803,"\boxed{}"
804,"\boxed{}"
805,"\boxed{}"
806,"\boxed{}"
807,"\boxed{}"
808,"\boxed{}"
809,"\boxed{}"
810,"\boxed{}"
811,"\boxed{}"
812,"\boxed{}"
813,"\boxed{}"
814,"\boxed{}"
815,"\boxed{}"
816,"\boxed{}"
817,"\boxed{}"
818,"\boxed{}"
819,"\boxed{}"
820,"\boxed{}"
821,"\boxed{}"
822,"\boxed{}"
823,"\boxed{}"
824,"\boxed{}"
825,"\boxed{}"
826,"\boxed{}"
827,"\boxed{}"
828,"\boxed{}"
829,"\boxed{}"
830,"\boxed{}"
831,"\boxed{}"
832,"\boxed{}"
833,"\boxed{}"
834,"\boxed{}"
835,"\boxed{}"
836,"\boxed{}"
837,"\boxed{}"
838,"\boxed{}"
839,"\boxed{}"
840,"\boxed{}"
841,"\boxed{}"
842,"\boxed{}"
843,"\boxed{}"
844,"\boxed{}"
845,"\boxed{}"
846,"\boxed{}"
847,"\boxed{}"
848,"\boxed{}"
849,"\boxed{}"
850,"\boxed{}"
851,"\boxed{}"
852,"\boxed{}"
853,"\boxed{}"
854,"\boxed{}"
855,"\boxed{}"
856,"\boxed{}"
857,"\boxed{}"
858,"\boxed{}"
859,"\boxed{}"
860,"\boxed{}"
861,"\boxed{}"
862,"\boxed{}"
863,"\boxed{}"
864,"\boxed{}"
865,"\boxed{}"
866,"\boxed{}"
867,"\boxed{}"
868,"\boxed{}"
869,"\boxed{}"
870,"\boxed{}"
871,"\boxed{}"
872,"\boxed{}"
873,"\boxed{}"
874,"\boxed{}"
875,"\boxed{}"
876,"\boxed{}"
877,"\boxed{}"
878,"\boxed{}"
879,"\boxed{}"
880,"\boxed{}"
881,"\boxed{}"
882,"\boxed{}"
883,"\boxed{}"
884,"\boxed{}"
885,"\boxed{}"
886,"\boxed{}"
887,"\boxed{}"
888,"\boxed{}"
889,"\boxed{}"
890,"\boxed{}"
891,"\boxed{}"
892,"\boxed{}"
893,"\boxed{}"
894,"\boxed{}"
895,"\boxed{}"
896,"\boxed{}"
897,"\boxed{}"
898,"\boxed{}"
899,"\boxed{}"
900,"\boxed{}"
901,"\boxed{}"
902,"\boxed{}"
903,"\boxed{}"
904,"\boxed{}"
905,"\boxed{}"
906,"\boxed{}"
907,"\boxed{}"
908,"\boxed{}"
909,"\boxed{}"
910,"\boxed{}"
911,"\boxed{}"
912,"\boxed{}"
913,"\boxed{}"
914,"\boxed{}"
915,"\boxed{}"
916,"\boxed{}"
917,"\boxed{}"
918,"\boxed{}"
919,"\boxed{}"
920,"\boxed{}"
921,"\boxed{}"
922,"\boxed{}"
923,"\boxed{}"
924,"\boxed{}"
925,"\boxed{}"
926,"\boxed{}"
927,"\boxed{}"
928,"\boxed{}"
929,"\boxed{}"
930,"\boxed{}"
931,"\boxed{}"
932,"\boxed{}"
933,"\boxed{}"
934,"\boxed{}"
935,"\boxed{}"
936,"\boxed{}"
937,"\boxed{}"
938,"\boxed{}"
939,"\boxed{}"
940,"\boxed{}"
941,"\boxed{}"
942,"\boxed{}"

